smiles,compound_id
O=C(Nc1ccc(-c2ccccc2)cc1)c1cccc(F)c1,ALL_BA14
O=C(Nc1ccc(-c2ccc(Cl)cc2)cc1)c1ccccc1,LIB-0001
O=C(Nc1ccc(-c2ccc(F)cc2)cc1)c1ccccc1,LIB-0002
O=C(Nc1ccc(-c2ccc(C(F)(F)F)cc2)cc1)c1ccccc1,LIB-0003
O=C(Nc1ccc(-c2cccc(F)c2)cc1)c1ccccc1,LIB-0004
COc1ccc(-c2ccc(NC(=O)c3ccccc3)cc2)cc1,LIB-0005
Cc1ccc(-c2ccc(NC(=O)c3ccc(F)cc3)cc2)cc1,LIB-0006
O=C(Nc1ccc(-c2ccccc2)cc1)c1ccc(F)cc1,LIB-0007
Cc1ccc(-c2ccc(NC(=O)c3ccccc3)cc2)cc1,LIB-0008
O=C(Nc1ccc(-c2ccc(OC(F)(F)F)cc2)cc1)c1ccccc1,LIB-0009
Cc1ccccc1-c1ccc(NC(=O)c2ccccc2)cc1,LIB-0010
Cc1ccc(C(=O)Nc2ccc(-c3ccc(F)cc3)cc2)cc1,LIB-0011
CC(C)c1ccc(-c2ccc(NC(=O)c3ccccc3)cc2)cc1,LIB-0012
CN(C)S(=O)(=O)c1ccc(-c2ccc(NC(=O)c3ccccc3)cc2)cc1,LIB-0013
O=C(Nc1ccc(-c2ccc(OC(F)F)cc2)cc1)c1ccccc1,LIB-0014
Cc1cc(C)c(-c2ccc(NC(=O)c3ccccc3)cc2)c(C)c1,LIB-0015
O=C(NO)OCCc1ccc(OCc2ccccc2)cc1,NEW0162
O=C(NO)c1ccc(OCc2ccccc2)cc1,LIB-0017
O=C(Cc1ccc(OCc2ccccc2)cc1)NO,LIB-0018
O=C(CCc1ccc(OCc2ccccc2)cc1)NO,LIB-0019
O=C(CCCc1ccc(OCc2ccccc2)cc1)NO,LIB-0020
O=C(NO)NCCc1ccc(OCc2ccccc2)cc1,LIB-0021
Cc1cc(-c2ccccc2)ccc1CCNC(=O)NO,NEW0018
O=C(CCc1ccc(-c2ccc(C(F)(F)F)cc2)cc1)NO,NEW0075
O=C(NO)c1ccc(-c2ccccc2)cc1,LIB-0024
O=C(Cc1ccc(-c2ccccc2)cc1)NO,LIB-0025
O=C(CCc1ccc(-c2ccccc2)cc1)NO,LIB-0026
O=C(CCCc1ccc(-c2ccccc2)cc1)NO,LIB-0027
O=C(NO)OCCc1ccc(-c2ccccc2)cc1,LIB-0028
O=C(NO)NCCc1ccc(-c2ccccc2)cc1,LIB-0029
O=C(CCCCc1ccc(-c2ccccc2)cc1)NO,LIB-0030
O=C(NO)OCCCc1ccc(-c2ccccc2)cc1,LIB-0031
O=C(NO)NCCCc1ccc(-c2ccccc2)cc1,LIB-0032
Cc1cc(-c2ccccc2)ccc1C(=O)NO,LIB-0033
Cc1cc(-c2ccccc2)ccc1CC(=O)NO,LIB-0034
Cc1cc(-c2ccccc2)ccc1CCC(=O)NO,LIB-0035
Cc1cc(-c2ccccc2)ccc1CCCC(=O)NO,LIB-0036
Cc1cc(-c2ccccc2)ccc1CCOC(=O)NO,LIB-0037
Cc1ccccc1-c1ccc(CC(=O)NO)cc1,LIB-0038
Cc1ccccc1-c1ccc(CCC(=O)NO)cc1,LIB-0039
Cc1ccccc1-c1ccc(CCCC(=O)NO)cc1,LIB-0040
Cc1ccccc1-c1ccc(CCCCC(=O)NO)cc1,LIB-0041
Cc1ccccc1-c1ccc(CCCOC(=O)NO)cc1,LIB-0042
Cc1ccccc1-c1ccc(CCCNC(=O)NO)cc1,LIB-0043
Cc1ccccc1-c1ccc(C(=O)NO)cc1,LIB-0044
Cc1ccccc1-c1ccc(CCOC(=O)NO)cc1,LIB-0045
Cc1ccccc1-c1ccc(CCNC(=O)NO)cc1,LIB-0046
O=C(NO)c1ccc(-c2ccc(Cl)cc2)cc1,LIB-0047
O=C(Cc1ccc(-c2ccc(Cl)cc2)cc1)NO,LIB-0048
O=C(CCc1ccc(-c2ccc(Cl)cc2)cc1)NO,LIB-0049
O=C(CCCc1ccc(-c2ccc(Cl)cc2)cc1)NO,LIB-0050
O=C(NO)OCCc1ccc(-c2ccc(Cl)cc2)cc1,LIB-0051
O=C(NO)NCCc1ccc(-c2ccc(Cl)cc2)cc1,LIB-0052
O=C(NO)c1ccc(-c2ccc(F)cc2)cc1,LIB-0053
O=C(Cc1ccc(-c2ccc(F)cc2)cc1)NO,LIB-0054
O=C(CCc1ccc(-c2ccc(F)cc2)cc1)NO,LIB-0055
O=C(CCCc1ccc(-c2ccc(F)cc2)cc1)NO,LIB-0056
O=C(NO)OCCc1ccc(-c2ccc(F)cc2)cc1,LIB-0057
O=C(NO)NCCc1ccc(-c2ccc(F)cc2)cc1,LIB-0058
Nc1ccc(-c2ccc(C(=O)NO)cc2)cc1,LIB-0059
Nc1ccc(-c2ccc(CC(=O)NO)cc2)cc1,LIB-0060
Nc1ccc(-c2ccc(CCC(=O)NO)cc2)cc1,LIB-0061
Nc1ccc(-c2ccc(CCCC(=O)NO)cc2)cc1,LIB-0062
Nc1ccc(-c2ccc(CCOC(=O)NO)cc2)cc1,LIB-0063
Nc1ccc(-c2ccc(CCNC(=O)NO)cc2)cc1,LIB-0064
N#Cc1ccc(-c2ccc(C(=O)NO)cc2)cc1,LIB-0065
N#Cc1ccc(-c2ccc(CC(=O)NO)cc2)cc1,LIB-0066
N#Cc1ccc(-c2ccc(CCC(=O)NO)cc2)cc1,LIB-0067
N#Cc1ccc(-c2ccc(CCCC(=O)NO)cc2)cc1,LIB-0068
N#Cc1ccc(-c2ccc(CCOC(=O)NO)cc2)cc1,LIB-0069
N#Cc1ccc(-c2ccc(CCNC(=O)NO)cc2)cc1,LIB-0070
O=C(NO)c1ccc(-c2ccc(C(F)(F)F)cc2)cc1,LIB-0071
O=C(Cc1ccc(-c2ccc(C(F)(F)F)cc2)cc1)NO,LIB-0072
O=C(CCCc1ccc(-c2ccc(C(F)(F)F)cc2)cc1)NO,LIB-0073
O=C(NO)OCCc1ccc(-c2ccc(C(F)(F)F)cc2)cc1,LIB-0074
O=C(NO)NCCc1ccc(-c2ccc(C(F)(F)F)cc2)cc1,LIB-0075
O=C(O)C(CCC1CCCCN1)C1C2CCC1C2,AAB0090
CC1C2CCC1(C)C2C(CCC1CCCCN1)C(=O)O,LIB-0077
O=C(Oc1ccc(O)cc1)c1cccc2c1C(=O)N(Cc1ccc(O)c(O)c1)C2,ALLO_0030
O=C(CC1CCC(Oc2ccccc2)C1)NO,NEW0311
O=C(NO)C1CCC(Oc2ccccc2)C1,LIB-0080
O=C(CCC1CCC(Oc2ccccc2)C1)NO,LIB-0081
O=C(CCCC1CCC(Oc2ccccc2)C1)NO,LIB-0082
O=C(NO)OCCC1CCC(Oc2ccccc2)C1,LIB-0083
O=C(NO)NCCC1CCC(Oc2ccccc2)C1,LIB-0084
CC1C2CCC1(C)C2C(CCCCN(C)C)C(=O)O,AAB0065
CC1C2CCC1(C)C2C(CCCN(C)C)C(=O)O,LIB-0086
CCN(CC)CCC(C(=O)O)C1C2CCC1(C)C2C,LIB-0087
CCN(C)CCC(C(=O)O)C1C2CCC1(C)C2C,LIB-0088
O=C(NO)C1CCC(C(=O)N2CCCCC2)C1,NEW0328
O=C(CC1CCC(C(=O)N2CCCCC2)C1)NO,LIB-0090
O=C(CCC1CCC(C(=O)N2CCCCC2)C1)NO,LIB-0091
O=C(CCCC1CCC(C(=O)N2CCCCC2)C1)NO,LIB-0092
O=C(NO)OCCC1CCC(C(=O)N2CCCCC2)C1,LIB-0093
O=C(NO)NCCC1CCC(C(=O)N2CCCCC2)C1,LIB-0094
COc1ccc(C=Cc2cn(Cc3cc(=O)c4c(O)cc(O)cc4o3)c(=O)[nH]c2=O)cc1O,BRICS-0007
N#Cc1onnc1-c1ccc(C(=O)O)cc1,NEW0659
Cc1onnc1-c1ccc(C(=O)O)cc1,LIB-0097
O=C(O)c1ccc(-c2nnoc2Cl)cc1,LIB-0098
O=C(O)c1ccc(-c2nnoc2C(F)(F)F)cc1,LIB-0099
CN1CCCC1c1ccc(N(C(=O)C2=C(C(=O)O)CSCC2)c2ccc(N3CCCC3)cc2)cc1,LIT_CFT01
CC1OC(Oc2ccc(Nc3noc(-c4ccccc4)n3)cc2)C(O)C1O,DIV-0408
O=C(Nc1ccc(Oc2ccccc2)cc1)NC12CC3CC(CC(C3)C1)C2,ALL_SP07
Cc1ccc(S(=O)(=O)Nc2ccc(-c3ccccc3)cc2)cc1,ALL_SU03
O=S(=O)(Nc1ccc(-c2ccccc2)cc1)c1ccc(F)cc1,LIB-0104
O=S(=O)(Nc1ccc(-c2ccccc2)cc1)c1ccc(Cl)cc1,LIB-0105
O=S(=O)(Nc1ccc(-c2ccc(F)cc2)cc1)c1ccc(C(F)(F)F)cc1,LIB-0106
COc1ccc(S(=O)(=O)Nc2ccc(-c3ccccc3)cc2)cc1,LIB-0107
O=C(CCCC12CC(N3CCCCC3)CCC1C2)NO,NEW0319
O=C(NO)C12CC(N3CCCCC3)CCC1C2,LIB-0109
O=C(CC12CC(N3CCCCC3)CCC1C2)NO,LIB-0110
O=C(CCC12CC(N3CCCCC3)CCC1C2)NO,LIB-0111
O=C(NO)OCCC12CC(N3CCCCC3)CCC1C2,LIB-0112
O=C(NO)NCCC12CC(N3CCCCC3)CCC1C2,LIB-0113
O=C(NO)c1ccc(CN2CCCCC2)cc1,NEW0176
O=C(Cc1ccc(CN2CCCCC2)cc1)NO,LIB-0115
O=C(CCc1ccc(CN2CCCCC2)cc1)NO,LIB-0116
O=C(CCCc1ccc(CN2CCCCC2)cc1)NO,LIB-0117
O=C(NO)OCCc1ccc(CN2CCCCC2)cc1,LIB-0118
O=C(NO)NCCc1ccc(CN2CCCCC2)cc1,LIB-0119
CC1CN(CCc2cccc3[nH]nnc23)C1,NEW0647
COc1ccc(-c2ccc(Nc3nc(C)c(C)s3)cc2)cc1,ACT_AT02
O=C(O)C(CNCC1CCCCC1)C12CCC(CC1)C2,AAB0039
CC1OC(OC(=O)Cc2ccc(O)cc2)C(O)C1O,DIV-0399
CC12C(S)=C(C(=O)O)N3C(=O)C(C31)N2C(=O)Cc1ccccc1,CTRL_Imipenem
COc1cc(SC2=C(C(=O)O)C3SCC(C(=O)O)=C(C(=O)N4CCCC4)N3C2=O)ccc1O,DIV-0403
CC(C)=CCc1cc2c(O)c(O)c3oc(C)cc(=O)c3c2c(O)c1O,AAB_MANG01
O=C1C(=O)C(c2ccc(O)cc2)Oc2cc(O)cc(O)c21,LIT_KAE01
O=C1C(=O)C(c2ccc(O)c(O)c2)Oc2cc(O)cc(O)c21,LIB-0128
O=C1C(=O)C(c2ccccc2)Oc2cc(O)cc(O)c21,LIB-0129
O=C(Cc1ccc2sccc2c1)NO,NEW0135
O=C(CCc1ccc2sccc2c1)NO,LIB-0131
O=C(CCCc1ccc2sccc2c1)NO,LIB-0132
O=C(NO)OCCc1ccc2sccc2c1,LIB-0133
O=C(NO)NCCc1ccc2sccc2c1,LIB-0134
COc1cc(-c2cc(-c3cc(-c4ccc(N5CCCC5)cc4)n(C)n3)n(C)n2)ccc1O,DIV-0408
O=c1[nH]c2ccccc2n1Cc1ccc(-c2ccccc2)cc1,ALL_IN08
O=C(NN=Cc1ccc(Br)cc1)c1ccc(O)c(O)c1,ALLO_0002
O=C(O)C(C1C2CC3CC(C2)CC1C3)N1CCCC1,AAB0013
Cc1c(C(=O)NO)ccc2ncccc12,NEW0113
O=C(Cc1ccc2ncccc2c1)NO,LIB-0140
O=C(CCc1ccc2ncccc2c1)NO,LIB-0141
O=C(CCCc1ccc2ncccc2c1)NO,LIB-0142
O=C(NO)OCCc1ccc2ncccc2c1,LIB-0143
O=C(NO)NCCc1ccc2ncccc2c1,LIB-0144
O=C(CCCCc1ccc2ncccc2c1)NO,LIB-0145
O=C(NO)OCCCc1ccc2ncccc2c1,LIB-0146
O=C(NO)NCCCc1ccc2ncccc2c1,LIB-0147
Cc1c(CC(=O)NO)ccc2ncccc12,LIB-0148
Cc1c(CCC(=O)NO)ccc2ncccc12,LIB-0149
Cc1c(CCCC(=O)NO)ccc2ncccc12,LIB-0150
Cc1c(CCOC(=O)NO)ccc2ncccc12,LIB-0151
Cc1c(CCNC(=O)NO)ccc2ncccc12,LIB-0152
O=C(Cc1ccc2cccnc2c1)NO,LIB-0153
O=C(CCc1ccc2cccnc2c1)NO,LIB-0154
O=C(CCCc1ccc2cccnc2c1)NO,LIB-0155
O=C(NO)OCCc1ccc2cccnc2c1,LIB-0156
O=C(NO)NCCc1ccc2cccnc2c1,LIB-0157
O=C(CCCCc1ccc2cccnc2c1)NO,LIB-0158
O=C(NO)OCCCc1ccc2cccnc2c1,LIB-0159
O=C(NO)NCCCc1ccc2cccnc2c1,LIB-0160
Oc1ccc(C=Cc2cc(O)cc(O)c2)cc1,LIT_RES01
COc1ccc(C=Cc2ccc(O)c(OC)c2)cc1O,LIB-0162
COc1ccc(C=Cc2ccc(O)cc2)cc1O,LIB-0163
COc1ccc(C=Cc2ccc(OC)c(O)c2)cc1O,LIB-0164
COc1ccc(C=Cc2cc(O)c(OC)cc2OC)cc1O,LIB-0165
O=C(O)C(C1CCCNCC1)C1CC2CCC1C2,AAB0057
Cc1cc(C(=O)O)ccc1-c1nn[nH]n1,NEW0665
Cc1ccc(-c2nn[nH]n2)c(C(=O)O)c1,LIB-0168
Cc1ccc(-c2ccc(CCc3nn[nH]n3)cc2)cc1,ALL_TE04
c1ccc(-c2ccc(CCc3nn[nH]n3)cc2)cc1,LIB-0170
CC1(C)SC2C(NC(=O)Cc3ccc(Cl)cc3)C(=O)N2C1C(=O)O,LIT_ODA02
CC1(C)SC2C(NC(=O)Cc3ccc(O)cc3)C(=O)N2C1C(=O)O,LIB-0172
CC1(C)SC2C(NC(=O)Cc3cccc(F)c3)C(=O)N2C1C(=O)O,LIB-0173
CC1(C)SC2C(NC(=O)Cc3ccc(Br)cc3)C(=O)N2C1C(=O)O,LIB-0174
O=S(=O)(Nc1ccc(-c2ccc(F)cc2)cc1)N1CCOCC1,ALL_SU13
O=C(NC1CC2CCC1C2)c1ccc(-c2ccc(Cl)cc2)cc1,ALL_SP11
O=C(NC1CC2CCC1C2)c1ccc(-c2ccccc2)cc1,LIB-0177
CCc1cc(-c2noc(-c3ccc4c(c3)OCCO4)n2)ccc1O,LIT_TAN01
O=c1c(O)c(-c2ccc(O)c(O)c2)oc2cc(O)cc(O)c12,AAB_FLAV02
O=c1c(O)c(-c2ccccc2)oc2cc(O)cc(O)c12,LIB-0180
CC(=O)Nc1ccc(S(=O)(=O)N2CCN(c3ncccn3)CC2)cc1,AAB_HET04
CC1C(SC2CNC(C(=O)O)C2)=C(C(=O)O)N2C(=O)C(C)(O)C12,CTRL_MEROPENEM
c1cc2ncnc-2n(CCN2CCNCC2)c1,NEW0646
O=C1NC(=O)c2c1ncn2CCN1CCCCC1,NEW0650
O=C(O)c1cccc(C2=Nc3ccccc3N(C(=O)N3CCCC3)C(c3ccccc3)=N2)c1,DIV-0398
Oc1ccc(C2Oc3cc(O)c(O)c(O)c3CC2O)cc1O,LIT_EPI01
COc1cc(Nc2ccc(-c3ccc(C(=O)O)cc3)cc2)ccc1O,DIV-0407
C1=CC2=NCN3CCNCC3=NN2C=C1,NEW0644
O=C(NO)C1CCNCC1c1ccccc1,NEW0146
O=C(CC1CCNCC1c1ccccc1)NO,LIB-0190
O=C(CCC1CCNCC1c1ccccc1)NO,LIB-0191
O=C(CCCC1CCNCC1c1ccccc1)NO,LIB-0192
O=C(NO)OCCC1CCNCC1c1ccccc1,LIB-0193
O=C(NO)NCCC1CCNCC1c1ccccc1,LIB-0194
Cc1ccc(-c2noc(-c3ccc(NC(=O)c4cccs4)cc3)n2)cc1,ACT_OX07
O=C(Nc1ccc(-c2nc(-c3ccccc3)no2)cc1)c1cccs1,LIB-0196
O=c1cc(-c2ccccc2)nc2[nH]ccn12,AAB_HET02
COc1cc(-c2cc(=O)n3cc[nH]c3n2)ccc1O,LIB-0198
O=C(Nc1ccc(-c2ccccc2)cc1)c1cccs1,LIB-0199
O=C(Nc1ccc(-c2ccc(F)cc2)cc1)c1cccs1,LIB-0200
O=C(Nc1ccc(-c2ccccc2)cc1)c1ccncc1,LIB-0201
O=C(Nc1ccccc1)Nc1ccc(-c2ccc(F)cc2)cc1,LIB-0202
O=C(Nc1ccc(-c2ccc(-c3ccccc3)cc2)cc1)c1ccccc1,LIB-0203
O=C(Nc1ccc(-c2ccc(-c3ccc(F)cc3)cc2)cc1)c1ccccc1,LIB-0204
O=C(Nc1ccc(-c2cccc(-c3ccccc3)c2)cc1)c1ccccc1,LIB-0205
O=C(Nc1ccc(Oc2ccccc2)cc1)c1ccccc1,LIB-0206
O=C(Nc1ccc(Oc2ccc(F)cc2)cc1)c1ccccc1,LIB-0207
O=C(Nc1ccc(Oc2ccc(Cl)cc2)cc1)c1ccccc1,LIB-0208
Cc1ccc(Oc2ccc(NC(=O)c3ccccc3)cc2)cc1,LIB-0209
COc1ccc(Oc2ccc(NC(=O)c3ccccc3)cc2)cc1,LIB-0210
O=C(Nc1ccc(Oc2ccc(C(F)(F)F)cc2)cc1)c1ccccc1,LIB-0211
Cc1ccccc1Oc1ccc(NC(=O)c2ccccc2)cc1,LIB-0212
COc1ccccc1Oc1ccc(NC(=O)c2ccccc2)cc1,LIB-0213
N#Cc1ccc(Oc2ccc(NC(=O)c3ccccc3)cc2)cc1,LIB-0214
Cc1cc(C)cc(Oc2ccc(NC(=O)c3ccccc3)cc2)c1,LIB-0215
O=C(Nc1ccc(Oc2ccccc2F)cc1)c1ccncc1,LIB-0216
O=S(=O)(Nc1ccc(Oc2ccccc2)cc1)c1ccccc1,LIB-0217
O=C(Nc1ccc(Oc2cccc(F)c2)cc1)c1cccs1,LIB-0218
Cc1ccc(Oc2ccc(NC(=O)c3cccs3)cc2)cc1,LIB-0219
O=C(Nc1ccc2[nH]c(=O)ccc2c1)c1ccccc1,LIB-0220
O=C(Nc1ccc2[nH]c3ccccc3c2c1)c1ccccc1,LIB-0221
O=C(Nc1ccc2[nH]c3ccccc3c2c1)c1ccc(F)cc1,LIB-0222
O=C(Nc1ccc2oncc2c1)c1ccc(-c2ccccc2)cc1,LIB-0223
Cc1c(C(=O)Nc2ccc(-c3ccccc3)cc2)c2ccccc2n1C,LIB-0224
COc1ccc2[nH]c(C(=O)Nc3ccc(-c4ccccc4)cc3)cc2c1,LIB-0225
O=C(Nc1ccc2ccccc2c1)c1ccc(-c2ccccc2)cc1,LIB-0226
O=C(Nc1ccc2[nH]cnc2c1)c1ccc(-c2ccccc2)cc1,LIB-0227
Cc1nc2ccccc2n1C(=O)Nc1ccc(-c2ccccc2)cc1,LIB-0228
O=c1[nH]c2ccccc2n1-c1ccc(-c2ccccc2)cc1,LIB-0229
O=C(Nc1ccc2ncccc2c1)c1ccc(-c2ccccc2)cc1,LIB-0230
O=C(Nc1ccc2ncccc2c1)c1ccc(-c2ccc(F)cc2)cc1,LIB-0231
O=C(Nc1ccc2cccnc2c1)c1ccc(F)cc1,LIB-0232
O=S(=O)(Nc1ccc(-c2ccccc2)cc1)c1ccc2ncccc2c1,LIB-0233
O=c1[nH]c2ccc3cccnc3c2n1Cc1ccc(-c2ccccc2)cc1,LIB-0234
Cc1nc2ccc(-c3ccc(NC(=O)c4ccccc4)cc3)cc2s1,LIB-0235
O=C(NC12CC3CC(CC(C3)C1)C2)c1ccc(-c2ccccc2)cc1,LIB-0236
Cc1ccc(-c2ccc(C(=O)NC34CC5CC(CC(C5)C3)C4)cc2)cc1,LIB-0237
O=C(NC12CC3CC(CC(C3)C1)C2)c1ccc(-c2ccc(F)cc2)cc1,LIB-0238
O=C(Nc1ccc(-c2ccccc2)cc1)NC12CC3CC(CC(C3)C1)C2,LIB-0239
O=C(Nc1ccc(-c2ccc(Cl)cc2)cc1)NC12CC3CC(CC(C3)C1)C2,LIB-0240
O=S(=O)(NC12CC3CC(CC(C3)C1)C2)c1ccc(-c2ccccc2)cc1,LIB-0241
O=C(Nc1ccc(-c2ccc(F)cc2)cc1)NC1CC2CCC1C2,LIB-0242
O=C(NC12CC3CC(CC(C3)C1)C2)c1ccc(Oc2ccccc2)cc1,LIB-0243
c1ccc(-c2ccc(COc3nn[nH]n3)cc2)cc1,LIB-0244
c1ccc(-c2ccc(CNc3nn[nH]n3)cc2)cc1,LIB-0245
O=C(Nc1ccc(CCc2nn[nH]n2)cc1)c1ccccc1,LIB-0246
O=S(=O)(Nc1ccccc1)c1ccc(CCc2nn[nH]n2)cc1,LIB-0247
c1ccc(-c2cccc(-c3ccc(CCc4nn[nH]n4)cc3)c2)cc1,LIB-0248
O=C(Nc1ccc(COc2nn[nH]n2)cc1)c1ccc(-c2ccccc2)cc1,LIB-0249
O=S(=O)(Nc1ccc(-c2ccccc2)cc1)c1cccs1,LIB-0250
O=S(=O)(Nc1ccc(-c2cccc(F)c2)cc1)c1cccs1,LIB-0251
O=S(=O)(Nc1ccc(-c2cccs2)cc1)c1ccc(Cl)cc1,LIB-0252
Cc1ccc(S(=O)(=O)Nc2ccc(-c3cccs3)cc2)cc1,LIB-0253
O=C(Nc1ccc(-c2ccc(S(=O)(=O)N3CCCCC3)cc2)cc1)c1ccccc1,LIB-0254
Cn1nccc1C(=O)Nc1ccc(-c2ccccc2)cc1,LIB-0255
O=C(Nc1ccc(-c2ccccc2)cc1)c1cnn2ccccc12,LIB-0256
COc1ccc(-c2ccc(NC(=O)c3cnn4ccccc34)cc2)cc1,LIB-0257
COc1ccc(-c2ccc(NC(=O)c3cnn4c(C)cccc34)cc2)cc1,LIB-0258
Cn1cc(C(=O)Nc2ccc(-c3ccc(F)cc3)cc2)cn1,LIB-0259
Cc1c(C(=O)Nc2ccc(-c3ccccc3)cc2)cnn1C,LIB-0260
O=C(Nc1ccc(-c2cccs2)cc1)c1n[nH]c2ccccc12,LIB-0261
O=C(Nc1ccc(-c2ccccc2)cc1)c1nc2ccccc2[nH]1,LIB-0262
Cn1cc(C(=O)Nc2ccc(-c3ccncc3)cc2)cn1,LIB-0263
Cc1nnc(C(=O)Nc2ccc(-c3ccccc3)cc2)o1,LIB-0264
CCc1nnc(C(=O)Nc2ccc(-c3ccccc3)cc2)o1,LIB-0265
O=C(Nc1ccc(-c2ccccc2)cc1)c1cnc2ccccc2n1,LIB-0266
Cc1c(C(=O)Nc2ccc(-c3ccc(F)cc3)cc2)sc2ccccc12,LIB-0267
O=C(Nc1ccc(-c2nc(-c3ccc(O)cc3)no2)cc1)c1ccccc1,LIB-0268
O=C(Nc1ccc(-c2nc(-c3ccc(F)cc3)no2)cc1)c1ccccc1,LIB-0269
O=C(Nc1ccc(-c2nc(-c3ccc(Cl)cc3)no2)cc1)c1ccccc1,LIB-0270
COc1ccc(-c2noc(-c3ccc(NC(=O)c4cccc(F)c4)cc3)n2)cc1,LIB-0271
O=C(Nc1ccc(-c2nc(-c3ccc(OC(F)F)cc3)no2)cc1)c1ccccc1,LIB-0272
O=C(Nc1ccc(-c2nc(-c3ccc(O)cc3)no2)cc1)c1ccccc1F,LIB-0273
Cc1ccc(-c2noc(-c3ccc(NC(=O)c4ccco4)cc3)n2)cc1,LIB-0274
O=C(O)c1ccc(-c2noc(-c3ccc(NC(=O)c4ccco4)cc3)n2)cc1,LIB-0275
COc1ccc(-c2noc(-c3ccc(NC(=O)c4cccnc4)cc3)n2)cc1,LIB-0276
Cc1ccc(-c2noc(-c3ccc(NC(=O)c4cccnc4)cc3)n2)cc1,LIB-0277
Cc1ccc(-c2nc(-c3ccc(O)cc3)no2)cc1NC(=O)c1ccco1,LIB-0278
O=C(Nc1ccc(-c2noc(-c3ccc(F)cc3)n2)cc1)c1ccccc1,LIB-0279
COc1ccc(-c2nc(-c3ccc(NC(=O)c4ccccc4)cc3)no2)cc1,LIB-0280
Cc1cc(-c2noc(-c3ccc4c(c3)OCCC(=O)N4)n2)ccc1O,LIB-0281
N#Cc1ccc(NC(=O)N2C(c3ccccc3)=NC(c3cccc(C(=O)O)c3)=Nc3ccccc32)cc1,LIB-0282
N#Cc1ccc(NC(=O)N2C(c3ccc(F)cc3)=NC(c3cccc(C(=O)O)c3)=Nc3ccccc32)cc1,LIB-0283
Cc1ccc(NC(=O)N2C(c3ccccc3)=NC(c3cccc(C(=O)O)c3)=Nc3ccccc32)cc1,LIB-0284
Cc1ccc(C(=O)Nc2ccc(-c3cc(-c4ccc(F)cc4)nn3C)cc2)cc1,LIB-0285
Cc1ccc(C(=O)Nc2ccc(-c3cc(-c4ccc(Cl)cc4)nn3C)cc2)cc1,LIB-0286
COc1ccc(C(=O)Nc2ccc(-c3cc(-c4ccc(F)cc4)nn3C)cc2)cc1,LIB-0287
Cc1ccc(C(=O)Nc2ccc(-c3cc(-c4ccc(C(F)(F)F)cc4)nn3C)cc2)cc1,LIB-0288
Cc1ccc(C(=O)Nc2ccc(-c3ncnc4cc(C)c(C)cc34)cc2)cc1,LIB-0289
COc1cc(-c2cc(=O)c3cc(OC4OC(C)C(O)C4O)ccc3o2)ccc1O,LIB-0290
Cc1ccc(C(=O)Nc2ccc(-c3cc(-c4ccc(F)cc4)nn3C3CCCC3)cc2)cc1,LIB-0291
Cc1ccc(C(=O)Nc2ccc(-c3csc(Nc4ccccc4)n3)cc2)cc1,LIB-0292
COc1ccc(C(=O)Nc2ccc(-c3csc(Nc4ccccc4)n3)cc2)cc1,LIB-0293
O=C(Nc1ccc(-c2ccc3c(c2)OCCO3)cc1)c1ccccc1,LIB-0294
O=C(Nc1ccc(-c2ccc(N3CCCCC3)cc2)cc1)c1ccccc1,LIB-0295
O=C(Nc1ccc(Oc2ccc3c(c2)OCCO3)cc1)c1ccccc1,LIB-0296
O=S(=O)(Nc1ccc(-c2ccsc2)cc1)c1ccc(C(F)(F)F)cc1,LIB-0297
O=C(NC12CC3CC(CC(C3)C1)C2)c1ccc(-c2cccs2)cc1,LIB-0298
O=C(Nc1cccc2oncc12)c1ccc(-c2ccccc2)cc1,LIB-0299
O=C(Nc1ccc(-c2ccccc2)cc1)c1nccs1,LIB-0300
Cn1ccnc1C(=O)Nc1ccc(-c2ccc(F)cc2)cc1,LIB-0301
O=C(Nc1ccc(-c2ccccc2)cc1)c1cscn1,LIB-0302
COc1ccc(-c2ccc(NC(=O)c3cnc4ccccc4c3)cc2)cc1,LIB-0303
O=C(Nc1ccc(-c2ccccc2)cc1)c1cn2cccnc2n1,LIB-0304
O=C(Nc1ccc(-c2ccc(F)cc2)cc1)c1nnc(C2CC2)o1,LIB-0305
O=C(Nc1ccc(-c2noc(-c3ccccc3)n2)cc1)c1cccs1,LIB-0306
Cc1ccc(C(=O)Nc2ccc(-c3cc(-c4ccncc4)nn3C)cc2)cc1,LIB-0307
O=C(Nc1ccc2ncccc2c1)c1ccsc1,LIB-0308
O=C(Nc1ccc(-c2ccccc2)cc1)Nc1ccc2cccnc2c1,LIB-0309
O=C(Nc1ccc(-c2ccccc2)cc1)c1nc2ccccc2s1,LIB-0310
COc1ccc(-c2ccc(NC(=O)c3nc4ccccc4s3)cc2)cc1,LIB-0311
O=C(Nc1ccc(-c2ccc(F)cc2)cc1)c1nc2ccccc2o1,LIB-0312
O=C(Nc1ccc(-c2ccc(Nc3nccs3)cc2)cc1)c1ccccc1,LIB-0313
O=S(=O)(Nc1ccc(-c2ccccc2)cc1)c1ccc2c(c1)OCCO2,LIB-0314
O=S(=O)(Nc1ccc(-c2ccccc2)cc1)c1ccc2ccccc2c1,LIB-0315
Cc1cc(C)n(-c2ccc(C(=O)Nc3ccc(-c4ccccc4)cc3)cc2)n1,LIB-0316
Cc1ccc(C(=O)Nc2ccc(-c3cnn(C)c3)cc2)cc1,LIB-0317
COc1ccc(C(=O)Nc2ccc(-c3cnn(C)c3)cc2)cc1,LIB-0318
COc1ccc(C=CC(=O)CC(=O)C=Cc2ccc(OC)c(O)c2)cc1O,LIB-0319
O=C(NN=Cc1ccc(Br)cc1)c1ccc2ccccc2c1,LIB-0320
O=C1c2c(cccc2C(=O)N2C(=O)NC3(CCCCC3)C2=O)CN1Cc1ccc2ccccc2c1,LIB-0321
O=C(Oc1cc(O)c2c(c1)OCC2)c1cccc2c1C(=O)N(Cc1ccc3ccccc3c1)C2,LIB-0322
O=C(Oc1ccc(O)cc1)c1cccc2c1C(=O)N(Cc1ccc3ccccc3c1)C2,LIB-0323
O=C(NS(=O)(=O)c1ccccc1)c1cccc2c1C(=O)N(Cc1ccc3ccccc3c1)C2,LIB-0324
O=C(NCc1ccc2c(c1)OCCO2)c1cccc2c1C(=O)N(Cc1ccc3ccccc3c1)C2,LIB-0325
O=C(NS(=O)(=O)c1ccc2c(c1)OCCO2)c1cccc2c1C(=O)N(Cc1ccc3ccccc3c1)C2,LIB-0326
O=C(Nc1ccc2ccccc2c1)c1cccc2c1C(=O)N(Cc1ccc3ccccc3c1)C2,LIB-0327
O=C(Oc1ccc(O)cc1)c1cccc2c1C(=O)N(CN1C(=O)NC3(CCCCC3)C1=O)C2,LIB-0328
O=C(Nc1ccc2ccccc2c1)c1cccc2c1C(=O)N(Cc1ccc(O)c(O)c1)C2,LIB-0329
O=C(Nc1ccc2ccccc2c1)c1cccc2c1C(=O)N(CN1C(=O)NC3(CCCCC3)C1=O)C2,LIB-0330
O=C1c2c(cccc2C(=O)N2C(=O)NC3(CCCCC3)C2=O)CN1Cc1ccc(O)c(O)c1,LIB-0331
O=C(Oc1cc(O)c2c(c1)OCC2)c1cccc2c1C(=O)N(Cc1ccc(O)c(O)c1)C2,LIB-0332
O=C(NS(=O)(=O)c1ccccc1)c1cccc2c1C(=O)N(Cc1ccc(O)c(O)c1)C2,LIB-0333
O=C(NCc1ccc2c(c1)OCCO2)c1cccc2c1C(=O)N(Cc1ccc(O)c(O)c1)C2,LIB-0334
O=C(NS(=O)(=O)c1ccc2c(c1)OCCO2)c1cccc2c1C(=O)N(Cc1ccc(O)c(O)c1)C2,LIB-0335
O=C(Oc1cc(O)c2c(c1)OCC2)c1cccc2c1C(=O)N(CN1C(=O)NC3(CCCCC3)C1=O)C2,LIB-0336
O=C(O)C(CN1CCCCCC1)C1C2CC3CC(C2)CC1C3,LIB-0337
CN(C)CCC(C(=O)O)C1C2CC3CC(C2)CC1C3,LIB-0338
CN(C)CC(C(=O)O)C1C2CC3CC(C2)CC1C3,LIB-0339
CN(C)CCCC(C(=O)O)C1C2CC3CC(C2)CC1C3,LIB-0340
CCN(CC)CCC(C(=O)O)C1C2CC3CC(C2)CC1C3,LIB-0341
CN(CCC(C(=O)O)C1C2CC3CC(C2)CC1C3)CC1CCCC1,LIB-0342
O=C(O)C(CN1CCCNCC1)C1C2CC3CC(C2)CC1C3,LIB-0343
O=C(O)C(CN1CCCC1)C1C2CC3CC(C2)CC1C3,LIB-0344
O=C(O)C(CCCCN1CCCC1)C1C2CC3CC(C2)CC1C3,LIB-0345
O=C(O)C(CCN1CCCC1)C1C2CC3CC(C2)CC1C3,LIB-0346
O=C(O)C(CN1CCNCC1)C1C2CC3CC(C2)CC1C3,LIB-0347
CN(CCC(C(=O)O)C1C2CC3CC(C2)CC1C3)CC1CCCCC1,LIB-0348
O=C(O)C(CCN1CCCCCC1)C1C2CC3CC(C2)CC1C3,LIB-0349
O=C(O)C(CCN1CCCC1)C12CCC(CC1)C2,LIB-0350
O=C(O)C(CCN1CCNCC1)C12CCC(CC1)C2,LIB-0351
O=C(O)C(CCCCN1CCCC1)C12CCC(CC1)C2,LIB-0352
O=C(O)C(CCCN1CCCC1)C12CCC(CC1)C2,LIB-0353
O=C(O)C(CN1CCNCC1)C12CCC(CC1)C2,LIB-0354
O=C(O)C(CCC1CCNCC1)C12CCC(CC1)C2,LIB-0355
CCN(CC)CCC(C(=O)O)C12CCC(CC1)C2,LIB-0356
CN(C)CCCCC(C(=O)O)C12CCC(CC1)C2,LIB-0357
CN(C)CCCCC(C(=O)O)C1CC2CCC1C2,LIB-0358
O=C(O)C(CN1CCCCCC1)C12CCC(CC1)C2,LIB-0359
CN(CCC(C(=O)O)C12CCC(CC1)C2)CC1CCCCC1,LIB-0360
O=C(O)C(CN1CCCNCC1)C12CCC(CC1)C2,LIB-0361
O=C(O)C(CCN1CCNCC1)C1CC2CCC1C2,LIB-0362
CN(CCCC(C(=O)O)C1CC2CCC1C2)CC1CCCCC1,LIB-0363
O=C(O)C(CCN1CCCC1)C1CC2CCC1C2,LIB-0364
O=C(O)C(CCCCN1CCCC1)C1CC2CCC1C2,LIB-0365
O=C(O)C(CN1CCCNCC1)C1CC2CCC1C2,LIB-0366
O=C(O)C(CCCN1CCCC1)C1CC2CCC1C2,LIB-0367
CN(CCC(C(=O)O)C1CC2CCC1C2)CC1CCCC1,LIB-0368
O=C(O)C(CNCC1CCCCC1)C1CC2CCC1C2,LIB-0369
O=C(O)C(CCN1CCCCCC1)C1CC2CCC1C2,LIB-0370
CN(CCCC(C(=O)O)C1C2CCC1C2)CC1CCCCC1,LIB-0371
CC1C2CCC1(C)C2C(CCCN(C)CC1CCCCC1)C(=O)O,LIB-0372
O=C(O)C(CN1CCCNCC1)C1C2CCC1C2,LIB-0373
CC1C2CCC1(C)C2C(CN1CCCNCC1)C(=O)O,LIB-0374
O=C(O)C(CN1CCCC1c1ccccc1)C1C2CCC1C2,LIB-0375
CC1C2CCC1(C)C2C(CN1CCCC1c1ccccc1)C(=O)O,LIB-0376
O=C(O)C(CCCN1CCCC1)C1C2CCC1C2,LIB-0377
CC1C2CCC1(C)C2C(CCCN1CCCC1)C(=O)O,LIB-0378
O=C(O)C(CCC1CCNCC1)C1C2CCC1C2,LIB-0379
O=C(O)C(CCN1CCNCC1)C1C2CCC1C2,LIB-0380
CC(CC(C(=O)O)C1C2CCC1(C)C2C)N1CCNCC1,LIB-0381
CC1C2CCC1(C)C2C(CCN1CCNCC1)C(=O)O,LIB-0382
CC(CC(C(=O)O)C1C2CCC1C2)N1CCNCC1,LIB-0383
O=C(O)C(CN1CCCCCC1)C1C2CCC1C2,LIB-0384
CC1C2CCC1(C)C2C(CN1CCCCCC1)C(=O)O,LIB-0385
CN(CCC(C(=O)O)C1C2CCC1C2)CC1CCCC1,LIB-0386
O=C(O)C(CCCCN1CCCC1)C1C2CCC1C2,LIB-0387
O=C(O)C(CNCC1CCCCC1)C1C2CCC1C2,LIB-0388
O=C(O)C(CCN1CCCCCC1)C1C2CCC1C2,LIB-0389
CC1C2CCC1(C)C2C(CCN1CCCCCC1)C(=O)O,LIB-0390
O=C(O)C(CN1CCCC1)C1CCC2CCCCC2C1,LIB-0391
CCN(C)CCC(C(=O)O)C1CCC2CCCCC2C1,LIB-0392
CN(C)CCCC(C(=O)O)C1CCC2CCCCC2C1,LIB-0393
CN(C)CCCCC(C(=O)O)C1CCC2CCCCC2C1,LIB-0394
O=C(O)C(CCN1CCCC1)C1CCC2CCCCC2C1,LIB-0395
O=C(O)C(CC=C1CCCCN1)C1CCC2CCCCC2C1,LIB-0396
O=C(O)C(CN1CCCNCC1)C1CCC2CCCCC2C1,LIB-0397
CN(CCC(C(=O)O)C1CCC2CCCCC2C1)CC1CCCCC1,LIB-0398
O=C(O)C(CCC1CCCCN1)C1CCC2CCCCC2C1,LIB-0399
O=C(O)C(C1CCC2CCCCC2C1)C1COCCN1,LIB-0400
O=C(O)C(CCN1CCNCC1)C1CCC2CCCCC2C1,LIB-0401
CC(CC(C(=O)O)C1CCC2CCCCC2C1)N1CCNCC1,LIB-0402
O=C(O)C(CN1CCCCCC1)C1CCC2CCCCC2C1,LIB-0403
O=C(O)C(CCCN1CCCC1)C1CCC2CCCCC2C1,LIB-0404
CN(CCC(C(=O)O)C1CCC2CCCCC2C1)CC1CCCC1,LIB-0405
CN(CCCC(C(=O)O)C1CCC2CCCCC2C1)CC1CCCCC1,LIB-0406
O=C(NO)c1ccc(-c2ccncc2)cc1,LIB-0407
O=C(Cc1ccc(-c2ccncc2)cc1)NO,LIB-0408
O=C(CCc1ccc(-c2ccncc2)cc1)NO,LIB-0409
O=C(CCCc1ccc(-c2ccncc2)cc1)NO,LIB-0410
O=C(NO)OCCc1ccc(-c2ccncc2)cc1,LIB-0411
O=C(NO)NCCc1ccc(-c2ccncc2)cc1,LIB-0412
O=C(NO)c1ccc(-c2ccsc2)cc1,LIB-0413
O=C(Cc1ccc(-c2ccsc2)cc1)NO,LIB-0414
O=C(CCc1ccc(-c2ccsc2)cc1)NO,LIB-0415
O=C(CCCc1ccc(-c2ccsc2)cc1)NO,LIB-0416
O=C(NO)OCCc1ccc(-c2ccsc2)cc1,LIB-0417
O=C(NO)NCCc1ccc(-c2ccsc2)cc1,LIB-0418
O=C(NO)c1ccc(-c2ccoc2)cc1,LIB-0419
O=C(Cc1ccc(-c2ccoc2)cc1)NO,LIB-0420
O=C(CCc1ccc(-c2ccoc2)cc1)NO,LIB-0421
O=C(CCCc1ccc(-c2ccoc2)cc1)NO,LIB-0422
O=C(NO)OCCc1ccc(-c2ccoc2)cc1,LIB-0423
O=C(NO)NCCc1ccc(-c2ccoc2)cc1,LIB-0424
O=C(Cc1ccc2ccccc2c1)NO,LIB-0425
O=C(CCc1ccc2ccccc2c1)NO,LIB-0426
O=C(CCCc1ccc2ccccc2c1)NO,LIB-0427
O=C(NO)OCCc1ccc2ccccc2c1,LIB-0428
O=C(NO)NCCc1ccc2ccccc2c1,LIB-0429
O=C(CCCCc1ccc2ccccc2c1)NO,LIB-0430
O=C(NO)OCCCc1ccc2ccccc2c1,LIB-0431
O=C(NO)NCCCc1ccc2ccccc2c1,LIB-0432
Cc1c(C(=O)NO)ccc2ccccc12,LIB-0433
Cc1c(CC(=O)NO)ccc2ccccc12,LIB-0434
Cc1c(CCC(=O)NO)ccc2ccccc12,LIB-0435
Cc1c(CCCC(=O)NO)ccc2ccccc12,LIB-0436
Cc1c(CCOC(=O)NO)ccc2ccccc12,LIB-0437
Cc1c(CCNC(=O)NO)ccc2ccccc12,LIB-0438
O=C(NO)c1ccc2c(Cc3ccccc3)cccc2c1,LIB-0439
O=C(Cc1ccc2c(Cc3ccccc3)cccc2c1)NO,LIB-0440
O=C(CCc1ccc2c(Cc3ccccc3)cccc2c1)NO,LIB-0441
O=C(CCCc1ccc2c(Cc3ccccc3)cccc2c1)NO,LIB-0442
O=C(NO)OCCc1ccc2c(Cc3ccccc3)cccc2c1,LIB-0443
O=C(NO)NCCc1ccc2c(Cc3ccccc3)cccc2c1,LIB-0444
O=C(CCc1ccc2[nH]ccc2c1)NO,LIB-0445
O=C(CCCc1ccc2[nH]ccc2c1)NO,LIB-0446
O=C(CCCCc1ccc2[nH]ccc2c1)NO,LIB-0447
O=C(NO)OCCCc1ccc2[nH]ccc2c1,LIB-0448
O=C(NO)NCCCc1ccc2[nH]ccc2c1,LIB-0449
O=C(NO)C1CCCCC1c1ccccc1,LIB-0450
O=C(CC1CCCCC1c1ccccc1)NO,LIB-0451
O=C(CCC1CCCCC1c1ccccc1)NO,LIB-0452
O=C(CCCC1CCCCC1c1ccccc1)NO,LIB-0453
O=C(NO)OCCC1CCCCC1c1ccccc1,LIB-0454
O=C(NO)NCCC1CCCCC1c1ccccc1,LIB-0455
O=C(NO)c1ccc(CCc2ccccc2)cc1,LIB-0456
O=C(Cc1ccc(CCc2ccccc2)cc1)NO,LIB-0457
O=C(CCc1ccc(CCc2ccccc2)cc1)NO,LIB-0458
O=C(CCCc1ccc(CCc2ccccc2)cc1)NO,LIB-0459
O=C(NO)OCCc1ccc(CCc2ccccc2)cc1,LIB-0460
O=C(NO)NCCc1ccc(CCc2ccccc2)cc1,LIB-0461
O=C(NO)c1ccc(NCc2ccccc2)cc1,LIB-0462
O=C(Cc1ccc(NCc2ccccc2)cc1)NO,LIB-0463
O=C(CCc1ccc(NCc2ccccc2)cc1)NO,LIB-0464
O=C(CCCc1ccc(NCc2ccccc2)cc1)NO,LIB-0465
O=C(NO)OCCc1ccc(NCc2ccccc2)cc1,LIB-0466
O=C(NO)NCCc1ccc(NCc2ccccc2)cc1,LIB-0467
O=C(NO)c1ccc(CC(=O)N2CCCCC2)cc1,LIB-0468
O=C(Cc1ccc(CC(=O)N2CCCCC2)cc1)NO,LIB-0469
O=C(CCc1ccc(CC(=O)N2CCCCC2)cc1)NO,LIB-0470
O=C(CCCc1ccc(CC(=O)N2CCCCC2)cc1)NO,LIB-0471
O=C(NO)OCCc1ccc(CC(=O)N2CCCCC2)cc1,LIB-0472
O=C(NO)NCCc1ccc(CC(=O)N2CCCCC2)cc1,LIB-0473
O=C(NO)c1ccc(CCN2CCCCC2)cc1,LIB-0474
O=C(Cc1ccc(CCN2CCCCC2)cc1)NO,LIB-0475
O=C(CCc1ccc(CCN2CCCCC2)cc1)NO,LIB-0476
O=C(CCCc1ccc(CCN2CCCCC2)cc1)NO,LIB-0477
O=C(NO)OCCc1ccc(CCN2CCCCC2)cc1,LIB-0478
O=C(NO)NCCc1ccc(CCN2CCCCC2)cc1,LIB-0479
O=C(NO)c1ccc(C(=O)c2ccccc2)cc1,LIB-0480
O=C(Cc1ccc(C(=O)c2ccccc2)cc1)NO,LIB-0481
O=C(CCc1ccc(C(=O)c2ccccc2)cc1)NO,LIB-0482
O=C(CCCc1ccc(C(=O)c2ccccc2)cc1)NO,LIB-0483
O=C(NO)OCCc1ccc(C(=O)c2ccccc2)cc1,LIB-0484
O=C(NO)NCCc1ccc(C(=O)c2ccccc2)cc1,LIB-0485
O=C(NO)c1ccc(C(=O)N2CCCCC2)cc1,LIB-0486
O=C(Cc1ccc(C(=O)N2CCCCC2)cc1)NO,LIB-0487
O=C(CCc1ccc(C(=O)N2CCCCC2)cc1)NO,LIB-0488
O=C(CCCc1ccc(C(=O)N2CCCCC2)cc1)NO,LIB-0489
O=C(NO)OCCc1ccc(C(=O)N2CCCCC2)cc1,LIB-0490
O=C(NO)NCCc1ccc(C(=O)N2CCCCC2)cc1,LIB-0491
O=C(NO)c1ccc(CCc2ccncc2)cc1,LIB-0492
O=C(Cc1ccc(CCc2ccncc2)cc1)NO,LIB-0493
O=C(CCc1ccc(CCc2ccncc2)cc1)NO,LIB-0494
O=C(CCCc1ccc(CCc2ccncc2)cc1)NO,LIB-0495
O=C(NO)OCCc1ccc(CCc2ccncc2)cc1,LIB-0496
O=C(NO)NCCc1ccc(CCc2ccncc2)cc1,LIB-0497
O=C(NO)c1ccc(CCc2ccsc2)cc1,LIB-0498
O=C(Cc1ccc(CCc2ccsc2)cc1)NO,LIB-0499
O=C(CCc1ccc(CCc2ccsc2)cc1)NO,LIB-0500
O=C(CCCc1ccc(CCc2ccsc2)cc1)NO,LIB-0501
O=C(NO)OCCc1ccc(CCc2ccsc2)cc1,LIB-0502
O=C(NO)NCCc1ccc(CCc2ccsc2)cc1,LIB-0503
O=C(NO)c1ccc(N2CCCCC2)cc1,LIB-0504
O=C(NO)c1ccc(C(F)(F)F)cc1,LIB-0505
O=C(Cc1ccc(C(F)(F)F)cc1)NO,LIB-0506
O=C(CCc1ccc(C(F)(F)F)cc1)NO,LIB-0507
O=C(CCCc1ccc(C(F)(F)F)cc1)NO,LIB-0508
O=C(NO)OCCc1ccc(C(F)(F)F)cc1,LIB-0509
O=C(NO)NCCc1ccc(C(F)(F)F)cc1,LIB-0510
COC(=O)c1ccc(CC(=O)NO)cc1,LIB-0511
COC(=O)c1ccc(CCC(=O)NO)cc1,LIB-0512
COC(=O)c1ccc(CCCC(=O)NO)cc1,LIB-0513
COC(=O)c1ccc(CCOC(=O)NO)cc1,LIB-0514
COC(=O)c1ccc(CCNC(=O)NO)cc1,LIB-0515
CS(=O)(=O)c1ccc(C(=O)NO)cc1,LIB-0516
CS(=O)(=O)c1ccc(CC(=O)NO)cc1,LIB-0517
CS(=O)(=O)c1ccc(CCC(=O)NO)cc1,LIB-0518
CS(=O)(=O)c1ccc(CCCC(=O)NO)cc1,LIB-0519
CS(=O)(=O)c1ccc(CCOC(=O)NO)cc1,LIB-0520
CS(=O)(=O)c1ccc(CCNC(=O)NO)cc1,LIB-0521
O=C(CCCc1ccc(Cl)cc1)NO,LIB-0522
O=C(CCCCc1ccc(Cl)cc1)NO,LIB-0523
O=C(NO)OCCCc1ccc(Cl)cc1,LIB-0524
O=C(NO)NCCCc1ccc(Cl)cc1,LIB-0525
N#Cc1ccc(CCCC(=O)NO)cc1,LIB-0526
N#Cc1ccc(CCOC(=O)NO)cc1,LIB-0527
N#Cc1ccc(CCNC(=O)NO)cc1,LIB-0528
CC(C)c1ccc(CCC(=O)NO)cc1,LIB-0529
CC(C)c1ccc(CCCC(=O)NO)cc1,LIB-0530
CC(C)c1ccc(CCOC(=O)NO)cc1,LIB-0531
CC(C)c1ccc(CCNC(=O)NO)cc1,LIB-0532
CC(C)(C)c1ccc(CC(=O)NO)cc1,LIB-0533
CC(C)(C)c1ccc(CCC(=O)NO)cc1,LIB-0534
CC(C)(C)c1ccc(CCCC(=O)NO)cc1,LIB-0535
CC(C)(C)c1ccc(CCOC(=O)NO)cc1,LIB-0536
CC(C)(C)c1ccc(CCNC(=O)NO)cc1,LIB-0537
COc1ccc(CCCC(=O)NO)cc1,LIB-0538
COc1ccc(CCOC(=O)NO)cc1,LIB-0539
COc1ccc(CCNC(=O)NO)cc1,LIB-0540
CCOc1ccc(CCC(=O)NO)cc1,LIB-0541
CCOc1ccc(CCCC(=O)NO)cc1,LIB-0542
CCOc1ccc(CCOC(=O)NO)cc1,LIB-0543
CCOc1ccc(CCNC(=O)NO)cc1,LIB-0544
CC(C)Oc1ccc(CC(=O)NO)cc1,LIB-0545
CC(C)Oc1ccc(CCC(=O)NO)cc1,LIB-0546
CC(C)Oc1ccc(CCCC(=O)NO)cc1,LIB-0547
CC(C)Oc1ccc(CCOC(=O)NO)cc1,LIB-0548
CC(C)Oc1ccc(CCNC(=O)NO)cc1,LIB-0549
CC(C)Cc1ccc(CC(=O)NO)cc1,LIB-0550
CC(C)Cc1ccc(CCC(=O)NO)cc1,LIB-0551
CC(C)Cc1ccc(CCCC(=O)NO)cc1,LIB-0552
CC(C)Cc1ccc(CCOC(=O)NO)cc1,LIB-0553
CC(C)Cc1ccc(CCNC(=O)NO)cc1,LIB-0554
O=C(CCc1ccc(CCO)cc1)NO,LIB-0555
O=C(CCCc1ccc(CCO)cc1)NO,LIB-0556
O=C(NO)OCCc1ccc(CCO)cc1,LIB-0557
O=C(NO)NCCc1ccc(CCO)cc1,LIB-0558
NCCc1ccc(CCC(=O)NO)cc1,LIB-0559
NCCc1ccc(CCCC(=O)NO)cc1,LIB-0560
NCCc1ccc(CCOC(=O)NO)cc1,LIB-0561
NCCc1ccc(CCNC(=O)NO)cc1,LIB-0562
O=C(NO)c1ccnc(Cc2ccccc2)c1,LIB-0563
O=C(Cc1ccnc(Cc2ccccc2)c1)NO,LIB-0564
O=C(CCc1ccnc(Cc2ccccc2)c1)NO,LIB-0565
O=C(CCCc1ccnc(Cc2ccccc2)c1)NO,LIB-0566
O=C(NO)OCCc1ccnc(Cc2ccccc2)c1,LIB-0567
O=C(NO)NCCc1ccnc(Cc2ccccc2)c1,LIB-0568
O=C(NO)c1ccnc(N2CCCCC2)c1,LIB-0569
O=C(Cc1ccnc(N2CCCCC2)c1)NO,LIB-0570
O=C(CCc1ccnc(N2CCCCC2)c1)NO,LIB-0571
O=C(CCCc1ccnc(N2CCCCC2)c1)NO,LIB-0572
O=C(NO)OCCc1ccnc(N2CCCCC2)c1,LIB-0573
O=C(NO)NCCc1ccnc(N2CCCCC2)c1,LIB-0574
O=C(NO)C1CCC(c2ccccc2)C1,LIB-0575
O=C(CC1CCC(c2ccccc2)C1)NO,LIB-0576
O=C(CCC1CCC(c2ccccc2)C1)NO,LIB-0577
O=C(CCCC1CCC(c2ccccc2)C1)NO,LIB-0578
O=C(NO)OCCC1CCC(c2ccccc2)C1,LIB-0579
O=C(NO)NCCC1CCC(c2ccccc2)C1,LIB-0580
O=C(NO)C1CCC(Cc2ccccc2)C1,LIB-0581
O=C(CC1CCC(Cc2ccccc2)C1)NO,LIB-0582
O=C(CCC1CCC(Cc2ccccc2)C1)NO,LIB-0583
O=C(CCCC1CCC(Cc2ccccc2)C1)NO,LIB-0584
O=C(NO)OCCC1CCC(Cc2ccccc2)C1,LIB-0585
O=C(NO)NCCC1CCC(Cc2ccccc2)C1,LIB-0586
O=C(NO)C1CCC(Nc2ccccc2)C1,LIB-0587
O=C(CC1CCC(Nc2ccccc2)C1)NO,LIB-0588
O=C(CCC1CCC(Nc2ccccc2)C1)NO,LIB-0589
O=C(CCCC1CCC(Nc2ccccc2)C1)NO,LIB-0590
O=C(NO)OCCC1CCC(Nc2ccccc2)C1,LIB-0591
O=C(NO)NCCC1CCC(Nc2ccccc2)C1,LIB-0592
O=C(NO)C1CCC(CC(=O)N2CCCC2)C1,LIB-0593
O=C(CC1CCC(CC(=O)N2CCCC2)C1)NO,LIB-0594
O=C(CCC1CCC(CC(=O)N2CCCC2)C1)NO,LIB-0595
O=C(CCCC1CCC(CC(=O)N2CCCC2)C1)NO,LIB-0596
O=C(NO)OCCC1CCC(CC(=O)N2CCCC2)C1,LIB-0597
O=C(NO)NCCC1CCC(CC(=O)N2CCCC2)C1,LIB-0598
c1cc(CCN2CCCCC2)c2nn[nH]c2c1,LIB-0599
c1cc(CCN2CCCC2)c2nn[nH]c2c1,LIB-0600
c1cc(CCN2CCOCC2)c2nn[nH]c2c1,LIB-0601
c1cc(CCN2CCNCC2)c2nn[nH]c2c1,LIB-0602
CN1CCN(CCn2cnc3c2C(=O)NC3=O)C1,LIB-0603
O=C(O)c1ccc(-c2nnoc2-c2ccccc2)cc1,LIB-0604
O=C(O)c1ccc(-c2nnoc2-c2ccc(Cl)cc2)cc1,LIB-0605
COc1ccc(-c2onnc2-c2ccc(C(=O)O)cc2)cc1,LIB-0606
Cc1cccc(-c2onnc2-c2ccc(C(=O)O)cc2)c1,LIB-0607
O=C(O)c1ccc(-c2nnoc2-c2ccncc2)cc1,LIB-0608
COc1cc(OC2OC(C)C(O)C2O)ccc1O,LIB-0609
CC1OC(OC2N=C(C(=O)O)N(C)C2=O)C(O)C1O,LIB-0610
CC1OC(Oc2cc(=O)n3cc[nH]c3n2)C(O)C1O,LIB-0611
CC1OC(Oc2nc(-n3c(=O)[nH]c4ccccc43)no2)C(O)C1O,LIB-0612
CC1OC(Oc2nc(-c3ccc(Nc4cc(N5CCCC5)nn4C)cc3)no2)C(O)C1O,LIB-0613
CC1OC(Oc2ccc3oc(Nc4ccc(C#N)cc4)cc(=O)c3c2)C(O)C1O,LIB-0614
CC1OC(Oc2cc(=O)c3cc(-c4cc(-c5ccccc5)n(C)n4)ccc3o2)C(O)C1O,LIB-0615
CCCC(=O)N(c1ccc(OC2OC(C)C(O)C2O)cc1)c1ccc(-c2ccc(F)cc2)cc1,LIB-0616
O=C(O)C(C1CCNCC1)C1C2CC3CC(C2)CC1C3,LIB-0617
O=C(O)C(C1COCCN1)C1C2CC3CC(C2)CC1C3,LIB-0618
O=C(O)C(CCCN1CCCN1)C12CCC(CC1)C2,LIB-0619
O=C(O)C(CCC1CCCCN1)C12CCC(CC1)C2,LIB-0620
O=C(O)C(CCC1CCNCC1)C1CC2CCC1C2,LIB-0621
O=C(O)C(C1CSCCN1)C1CC2CCC1C2,LIB-0622
O=C(O)C(CC=C1CCCCN1)C1CC2CCC1C2,LIB-0623
O=C(O)C(CCC1CCCCN1)C1CC2CCC1C2,LIB-0624
O=C(O)C(CCCN1CCCN1)C1CC2CCC1C2,LIB-0625
CC1C2CCC1(C)C2C(CN1CCNCC1)C(=O)O,LIB-0626
CC1C2CCC1(C)C2C(C(=O)O)C1CCCNCC1,LIB-0627
CC1C2CCC1(C)C2C(C(=O)O)C1CCNCC1,LIB-0628
CC1C2CCC1(C)C2C(C(=O)O)C1COCCN1,LIB-0629
CC1C2CCC1(C)C2C(CN1CCCC1)C(=O)O,LIB-0630
CC1C2CCC1(C)C2C(CCN1CCCC1)C(=O)O,LIB-0631
CC1C2CCC1(C)C2C(CCCN1CCCN1)C(=O)O,LIB-0632
O=C(O)C(CCCN1CCCN1)C1C2CCC1C2,LIB-0633
O=C(O)C(CCC1CCOCCN1)C1C2CCC1C2,LIB-0634
COc1cnc(C(=O)N2C3C(=O)N4C(C(=O)O)=C(SC5CNC(C(=O)O)C5)C2(C)C34)c(O)c1OC,LIB-0635
CC(C)(C=O)c1cc(-c2noc(-c3ccc4c(c3)OCC(=O)N4)n2)ccc1O,LIB-0636
CCCC(=O)Nc1ccc(-c2nc(-c3ccc(C(=O)O)cc3)no2)cc1,LIB-0637
COc1ccc(C=Cc2cn(CC3Oc4cc(O)ccc4CC3=O)c(=O)[nH]c2=O)cc1O,LIB-0638
COc1ccc(C=Cc2cn(CC3N=C(C(=O)O)N(C)C3=O)c(=O)[nH]c2=O)cc1O,LIB-0639
COc1ccc(C=Cc2cn(CN3C(=O)OC4CC5c6ccccc6CCN5CC43)c(=O)[nH]c2=O)cc1O,LIB-0640
COc1ccc(C=Cc2cn(Cc3nc4ccccc4s3)c(=O)[nH]c2=O)cc1O,LIB-0641
COc1ccc(C=Cc2cn(Cc3ccccc3)c(=O)[nH]c2=O)cc1O,LIB-0642
COc1ccc(C=Cc2cn(Cc3ccc(O)cc3)c(=O)[nH]c2=O)cc1O,LIB-0643
COc1ccc(C=Cc2cn(Cc3ccc(S(N)(=O)=O)cc3)c(=O)[nH]c2=O)cc1O,LIB-0644
COc1ccc(C=Cc2cn(Cc3ccc(O)c(O)c3)c(=O)[nH]c2=O)cc1O,LIB-0645
COc1ccc(C=Cc2cn(CC3CNC(C(=O)O)C3)c(=O)[nH]c2=O)cc1O,LIB-0646
COc1ccc(C=Cc2cn(CC3CCNC3=O)c(=O)[nH]c2=O)cc1O,LIB-0647
COc1ccc(C=Cc2cn(CC3C(=O)N4C(C(=O)O)=C(C(=O)O)C(C)C34)c(=O)[nH]c2=O)cc1O,LIB-0648
COc1ccc(C=Cc2cn(Cc3ccnc(-c4ccccc4)n3)c(=O)[nH]c2=O)cc1O,LIB-0649
COc1ccc(C=Cc2cn(Cc3ccnc(-c4ccc(O)cc4)n3)c(=O)[nH]c2=O)cc1O,LIB-0650
COc1ccc(C=Cc2cn(Cc3ccnc(-c4ccc(S(N)(=O)=O)cc4)n3)c(=O)[nH]c2=O)cc1O,LIB-0651
COc1ccc(C=Cc2cn(Cc3ccnc(-c4ccc(O)c(O)c4)n3)c(=O)[nH]c2=O)cc1O,LIB-0652
COc1ccc(C=Cc2cn(Cc3ccnc(-c4ccc(N5CCCC5)cc4)n3)c(=O)[nH]c2=O)cc1O,LIB-0653
COc1ccc(C=Cc2cn(Cc3ccnc(C4CNC(C(=O)O)C4)n3)c(=O)[nH]c2=O)cc1O,LIB-0654
COc1ccc(C=Cc2cn(Cc3ccnc(C4CCNC4=O)n3)c(=O)[nH]c2=O)cc1O,LIB-0655
COc1ccc(C=Cc2cn(Cc3ccnc(C4Oc5cc(O)ccc5CC4=O)n3)c(=O)[nH]c2=O)cc1O,LIB-0656
COc1ccc(C=Cc2cn(Cc3ccnc(C4N=C(C(=O)O)N(C)C4=O)n3)c(=O)[nH]c2=O)cc1O,LIB-0657
COc1ccc(C=Cc2cn(Cc3ccnc(SC4N=C(C(=O)O)N(C)C4=O)n3)c(=O)[nH]c2=O)cc1O,LIB-0658
COc1ccc(C=Cc2cn(Cc3ccnc(SC4CCNC4=O)n3)c(=O)[nH]c2=O)cc1O,LIB-0659
COc1ccc(C=Cc2cn(Cc3ccnc(-c4nc5ccccc5s4)n3)c(=O)[nH]c2=O)cc1O,LIB-0660
COc1ccc(C=Cc2cn(Cc3ccnc(CCc4ccc(O)cc4)n3)c(=O)[nH]c2=O)cc1O,LIB-0661
COc1ccc(C=Cc2cn(Cc3ccnc(Cc4ccccc4)n3)c(=O)[nH]c2=O)cc1O,LIB-0662
COc1ccc(C=Cc2cn(Cc3ccnc(Nc4nc5ccccc5s4)n3)c(=O)[nH]c2=O)cc1O,LIB-0663
COc1ccc(C=Cc2cn(Cc3ccnc(Nc4ccccc4)n3)c(=O)[nH]c2=O)cc1O,LIB-0664
COc1ccc(C=Cc2cn(Cc3ccnc(-c4nccc(C5CCNC5=O)n4)n3)c(=O)[nH]c2=O)cc1O,LIB-0665
COc1ccc(C=Cc2cn(Cc3ccnc(-c4nccc(-c5ccccc5)n4)n3)c(=O)[nH]c2=O)cc1O,LIB-0666
COc1ccc(C=Cc2cn(Cc3ccnc(-c4nccc(Cc5ccccc5)n4)n3)c(=O)[nH]c2=O)cc1O,LIB-0667
COc1ccc(C=Cc2cn(Cc3ccnc(-c4ccnc(C5CCNC5=O)n4)n3)c(=O)[nH]c2=O)cc1O,LIB-0668
COc1ccc(C=Cc2cn(Cc3ccnc(-c4ccnc(-c5ccccc5)n4)n3)c(=O)[nH]c2=O)cc1O,LIB-0669
COc1ccc(C=Cc2cn(Cc3ccnc(-c4ccnc(Cc5ccccc5)n4)n3)c(=O)[nH]c2=O)cc1O,LIB-0670
COc1ccc(C=Cc2cn(Cc3nccc(-c4ccccc4)n3)c(=O)[nH]c2=O)cc1O,LIB-0671
COc1ccc(C=Cc2cn(Cc3nccc(-c4ccc(O)cc4)n3)c(=O)[nH]c2=O)cc1O,LIB-0672
COc1ccc(C=Cc2cn(Cc3nccc(-c4ccc(S(N)(=O)=O)cc4)n3)c(=O)[nH]c2=O)cc1O,LIB-0673
COc1ccc(C=Cc2cn(Cc3nccc(-c4ccc(O)c(O)c4)n3)c(=O)[nH]c2=O)cc1O,LIB-0674
COc1ccc(C=Cc2cn(Cc3nccc(-c4ccc(N5CCCC5)cc4)n3)c(=O)[nH]c2=O)cc1O,LIB-0675
COc1ccc(C=Cc2cn(Cc3nccc(C4CNC(C(=O)O)C4)n3)c(=O)[nH]c2=O)cc1O,LIB-0676
COc1ccc(C=Cc2cn(Cc3nccc(C4CCNC4=O)n3)c(=O)[nH]c2=O)cc1O,LIB-0677
COc1ccc(C=Cc2cn(Cc3nccc(C4Oc5cc(O)ccc5CC4=O)n3)c(=O)[nH]c2=O)cc1O,LIB-0678
COc1ccc(C=Cc2cn(Cc3nccc(C4N=C(C(=O)O)N(C)C4=O)n3)c(=O)[nH]c2=O)cc1O,LIB-0679
COc1ccc(C=Cc2cn(Cc3nccc(SC4N=C(C(=O)O)N(C)C4=O)n3)c(=O)[nH]c2=O)cc1O,LIB-0680
COc1ccc(C=Cc2cn(Cc3nccc(SC4CCNC4=O)n3)c(=O)[nH]c2=O)cc1O,LIB-0681
COc1cc(NC2C(=O)N3C2SC(C)(C)C3C(=O)O)ccc1O,LIB-0682
COc1cc(-n2c(=O)[nH]c3ccccc32)ccc1O,LIB-0683
O=c1[nH]c2ccccc2n1-c1ccccc1O,LIB-0684
COc1cc(C2N=C(C(=O)O)N(C)C2=O)ccc1O,LIB-0685
COc1cc(-c2nc(Nc3ccc(C#N)cc3)no2)ccc1O,LIB-0686
COc1cc(-c2nc(-c3ccc4oc(N5CCCC5)cc(=O)c4c3)no2)ccc1O,LIB-0687
COc1cc(-c2nc(-c3cc(C4OC(C)C(O)C4O)nn3C)no2)ccc1O,LIB-0688
N#Cc1ccc(NC(=O)N2C(c3cccs3)=NC(c3cccc(C(=O)O)c3)=Nc3ccccc32)cc1,LIB-0689
O=c1[nH]c(=O)n(Cc2ccccc2)c2ccccc12,LIB-0690
